Workbook

Sheet Inputs
A1: Sinter vs Microchannel — inputs and derived quantities
A3: Block length L (m) | B3: 0.1 | C3: geometry, normalised block
A4: Block width W (m) | B4: 0.04
A5: Block height H (m) | B5: 0.04
A6: Face area A_face (m^2) | B6: =B4*B5 -> 0.0016 | C6: W*H
A7: He-4 viscosity mu (Pa.s) | B7: 1e-06 | C7: He-II normal-fluid value (Pobell 2007)
A8: He-4 density rho (kg/m^3) | B8: 145 | C8: Donnelly & Barenghi 1998
A9: Interface temperature T_ref (K) | B9: 0.025 | C9: CFD conjugate interface temperature
A10: Kapitza coeff C_K Cu (K^4 m^2/W) | B10: 0.02 | C10: Pollack 1969
A11: Kapitza coeff C_K Ag (K^4 m^2/W) | B11: 0.005 | C11: Dransfeld & Salzmann 1967
A12: Microchannel velocity U_ch (m/s) | B12: 0.001 | C12: per-channel inlet velocity (CFD)
A13: Channel open-area fraction | B13: =1/1.5^2 -> 0.44444444 | C13: pitch = 1.5 Dh
A14: Superficial velocity Us (m/s) | B14: =B13*B12 -> 0.00044444444 | C14: open_fraction * U_ch (common basis)
A15: Volumetric flow Vdot (m^3/s) | B15: =B14*B6 -> 7.1111111e-07 | C15: Us * A_face (same for all geometries)
A16: Sinter particle dp (m) | B16: 7e-08 | C16: Nakagawa 2023 (0.07 um silver powder)
A17: Sinter porosity eps | B17: 0.5 | C17: standard pressed Ag sinter (Pobell 2007); paper does not state
A18: Permeability k (m^2) | B18: =B17^3*B16^2/(180*(1-B17)^2) -> 1.3611111e-17 | C18: Kozeny-Carman
A19: Specific area a_v (m^2/m^3) | B19: =6*(1-B17)/B16 -> 42857143 | C19: packed spheres
A20: Idealised sinter area (m^2) | B20: =B19*B6*B3 -> 6857.1429 | C20: a_v * V_block (full microscopic area)
A21: Sinter Darcy dP (Pa) | B21: =B7*B14*B3/B18 -> 3265306.1 | C21: mu*Us*L/k
A22: Pore Reynolds Re_pore | B22: =B8*B14*B16/B7 -> 0.0045111111 | C22: <<1 => Darcy valid, Ergun term negligible
A24: Blue = input ; black = formula.

Sheet Microchannel
A1: Microchannel cases (Delta P from converged CFD)
A3: Case | B3: Material | C3: Dh (mm) | D3: N_ch | E3: A_wet (m^2) | F3: dP CFD (Pa) | G3: C_K | H3: R_total (K/W) | I3: G (W/K) | J3: W_pump (W) | K3: FOM (1/K)
A4: Cu_0p5 | B4: Cu | C4: 0.5 | D4: 2809 | E4: 0.5618 | F4: 0.01137 | G4: =IF(B4="Cu",Inputs!$B$10,Inputs!$B$11) -> 0.02 | H4: =G4/(Inputs!$B$9^3*E4) -> 2278.3909 | I4: =1/H4 -> 0.00043890625 | J4: =F4*Inputs!$B$15 -> 8.0853333e-09 | K4: =I4/J4 -> 54284.249
A5: Cu_1p0 | B5: Cu | C5: 1 | D5: 676 | E5: 0.2704 | F5: 0.002923 | G5: =IF(B5="Cu",Inputs!$B$10,Inputs!$B$11) -> 0.02 | H5: =G5/(Inputs!$B$9^3*E5) -> 4733.7278 | I5: =1/H5 -> 0.00021125 | J5: =F5*Inputs!$B$15 -> 2.0785778e-09 | K5: =I5/J5 -> 101631.99
A6: Cu_2p0 | B6: Cu | C6: 2 | D6: 169 | E6: 0.1352 | F6: 0.0008078 | G6: =IF(B6="Cu",Inputs!$B$10,Inputs!$B$11) -> 0.02 | H6: =G6/(Inputs!$B$9^3*E6) -> 9467.4556 | I6: =1/H6 -> 0.000105625 | J6: =F6*Inputs!$B$15 -> 5.7443556e-10 | K6: =I6/J6 -> 183876.15
A7: Ag_0p5 | B7: Ag | C7: 0.5 | D7: 2809 | E7: 0.5618 | F7: 0.01137 | G7: =IF(B7="Cu",Inputs!$B$10,Inputs!$B$11) -> 0.005 | H7: =G7/(Inputs!$B$9^3*E7) -> 569.59772 | I7: =1/H7 -> 0.001755625 | J7: =F7*Inputs!$B$15 -> 8.0853333e-09 | K7: =I7/J7 -> 217137
A8: Ag_1p0 | B8: Ag | C8: 1 | D8: 676 | E8: 0.2704 | F8: 0.002923 | G8: =IF(B8="Cu",Inputs!$B$10,Inputs!$B$11) -> 0.005 | H8: =G8/(Inputs!$B$9^3*E8) -> 1183.432 | I8: =1/H8 -> 0.000845 | J8: =F8*Inputs!$B$15 -> 2.0785778e-09 | K8: =I8/J8 -> 406527.97
A9: Ag_2p0 | B9: Ag | C9: 2 | D9: 169 | E9: 0.1352 | F9: 0.0008078 | G9: =IF(B9="Cu",Inputs!$B$10,Inputs!$B$11) -> 0.005 | H9: =G9/(Inputs!$B$9^3*E9) -> 2366.8639 | I9: =1/H9 -> 0.0004225 | J9: =F9*Inputs!$B$15 -> 5.7443556e-10 | K9: =I9/J9 -> 735504.61

Sheet Sinter
A1: Sinter cases (Darcy + Kozeny-Carman; area = packed-sphere)
A3: Case | B3: Material | C3: Area basis | D3: A_wet (m^2) | E3: dP (Pa) | F3: C_K | G3: R_total (K/W) | H3: G (W/K) | I3: W_pump (W) | J3: FOM (1/K)
A4: Sinter Ag (idealised) | B4: Ag | C4: full microscopic | D4: =Inputs!$B$20 -> 6857.1429 | E4: =Inputs!$B$21 -> 3265306.1 | F4: =IF(B4="Cu",Inputs!$B$10,Inputs!$B$11) -> 0.005 | G4: =F4/(Inputs!$B$9^3*D4) -> 0.046666667 | H4: =1/G4 -> 21.428571 | I4: =E4*Inputs!$B$15 -> 2.3219955 | J4: =H4/I4 -> 9.2285156
A5: Sinter Cu (idealised) | B5: Cu | C5: full microscopic | D5: =Inputs!$B$20 -> 6857.1429 | E5: =Inputs!$B$21 -> 3265306.1 | F5: =IF(B5="Cu",Inputs!$B$10,Inputs!$B$11) -> 0.02 | G5: =F5/(Inputs!$B$9^3*D5) -> 0.18666667 | H5: =1/G5 -> 5.3571429 | I5: =E5*Inputs!$B$15 -> 2.3219955 | J5: =H5/I5 -> 2.3071289
A6: Sinter Ag (He-4 effective) | B6: Ag | C6: geometric x0.001 | D6: =Inputs!$B$20*0.001 -> 6.8571429 | E6: =Inputs!$B$21 -> 3265306.1 | F6: =IF(B6="Cu",Inputs!$B$10,Inputs!$B$11) -> 0.005 | G6: =F6/(Inputs!$B$9^3*D6) -> 46.666667 | H6: =1/G6 -> 0.021428571 | I6: =E6*Inputs!$B$15 -> 2.3219955 | J6: =H6/I6 -> 0.0092285156
A7: Sinter Cu (He-4 effective) | B7: Cu | C7: geometric x0.001 | D7: =Inputs!$B$20*0.001 -> 6.8571429 | E7: =Inputs!$B$21 -> 3265306.1 | F7: =IF(B7="Cu",Inputs!$B$10,Inputs!$B$11) -> 0.02 | G7: =F7/(Inputs!$B$9^3*D7) -> 186.66667 | H7: =1/G7 -> 0.0053571429 | I7: =E7*Inputs!$B$15 -> 2.3219955 | J7: =H7/I7 -> 0.0023071289
A9: He-4 effective row applies Nakagawa 2023: only the geometrical (not microscopic) area is thermally effective for superfluid He-4; the 0.001 factor is illustrative — the conclusion holds for any factor <1.

Sheet Comparison
A1: Comparison — figure of merit = thermal conductance / pumping power
A3: Geometry / case | B3: R_total (K/W) | C3: G (W/K) | D3: dP (Pa) | E3: W_pump (W) | F3: FOM (1/K)
A4: Microchannel Ag, 0.5 mm | B4: =Microchannel!H7 -> 569.59772 | C4: =Microchannel!I7 -> 0.001755625 | D4: =Microchannel!F7 -> 0.01137 | E4: =Microchannel!J7 -> 8.0853333e-09 | F4: =Microchannel!K7 -> 217137
A5: Microchannel Cu, 0.5 mm | B5: =Microchannel!H4 -> 2278.3909 | C5: =Microchannel!I4 -> 0.00043890625 | D5: =Microchannel!F4 -> 0.01137 | E5: =Microchannel!J4 -> 8.0853333e-09 | F5: =Microchannel!K4 -> 54284.249
A6: Microchannel Ag, 2.0 mm | B6: =Microchannel!H9 -> 2366.8639 | C6: =Microchannel!I9 -> 0.0004225 | D6: =Microchannel!F9 -> 0.0008078 | E6: =Microchannel!J9 -> 5.7443556e-10 | F6: =Microchannel!K9 -> 735504.61
A7: Sinter Ag (idealised) | B7: =Sinter!G4 -> 0.046666667 | C7: =Sinter!H4 -> 21.428571 | D7: =Sinter!E4 -> 3265306.1 | E7: =Sinter!I4 -> 2.3219955 | F7: =Sinter!J4 -> 9.2285156
A8: Sinter Cu (idealised) | B8: =Sinter!G5 -> 0.18666667 | C8: =Sinter!H5 -> 5.3571429 | D8: =Sinter!E5 -> 3265306.1 | E8: =Sinter!I5 -> 2.3219955 | F8: =Sinter!J5 -> 2.3071289
A9: Sinter Ag (He-4 effective) | B9: =Sinter!G6 -> 46.666667 | C9: =Sinter!H6 -> 0.021428571 | D9: =Sinter!E6 -> 3265306.1 | E9: =Sinter!I6 -> 2.3219955 | F9: =Sinter!J6 -> 0.0092285156
A11: Headline FOM ratio (microchannel Ag 0.5 mm / idealised Ag sinter): | F11: =Microchannel!K7/Sinter!J4 -> 23528.919
A13: Notes: (1) compared on a normalised 40x40x100 mm block, same He-4 coolant, same superficial velocity. (2) The FOM ratio is independent of velocity and temperature (both scale identically). (3) Sinter wins raw conductance; microchannel wins conductance-per-pumping by ~4 orders because open channels have negligible flow resistance while fine sinter pores impose ~MPa Darcy pressure drop. (4) For He-4 the sinter effective area is far below its microscopic area (Nakagawa 2023), widening the gap.

Sheet Charts
